lap,pos,driver,time
1,1,max_verstappen,85653
1,2,leclerc,87230
1,3,sainz,87958
1,4,ricciardo,88847
1,5,hamilton,89425
1,6,piastri,90740
1,7,russell,91098
1,8,hulkenberg,91561
1,9,gasly,91942
1,10,zhou,92482
1,11,albon,93136
1,12,bottas,93640
1,13,kevin_magnussen,94366
1,14,alonso,94720
1,15,tsunoda,95096
1,16,norris,95404
1,17,sargeant,95924
1,18,ocon,96270
1,19,stroll,96812
1,20,perez,103446
2,1,max_verstappen,83859
2,2,leclerc,83980
2,3,sainz,84300
2,4,ricciardo,84178
2,5,hamilton,84314
2,6,piastri,84416
2,7,russell,84500
2,8,hulkenberg,85057
2,9,gasly,85443
2,10,zhou,85512
2,11,albon,85552
2,12,bottas,85666
2,13,kevin_magnussen,85699
2,14,tsunoda,85411
2,15,alonso,86688
2,16,norris,86297
2,17,sargeant,86470
2,18,ocon,86563
2,19,stroll,86402
3,1,max_verstappen,83573
3,2,leclerc,83957
3,3,sainz,84153
3,4,ricciardo,84166
3,5,hamilton,84162
3,6,piastri,84096
3,7,russell,84270
3,8,hulkenberg,84735
3,9,gasly,84804
3,10,zhou,84860
3,11,albon,84801
3,12,bottas,85036
3,13,kevin_magnussen,85057
3,14,tsunoda,85060
3,15,norris,84635
3,16,alonso,85829
3,17,sargeant,85693
3,18,stroll,86305
3,19,ocon,87456
4,1,max_verstappen,83708
4,2,leclerc,83815
4,3,sainz,83916
4,4,ricciardo,83916
4,5,hamilton,83887
4,6,piastri,83649
4,7,russell,84136
4,8,hulkenberg,84337
4,9,gasly,84249
4,10,zhou,84161
4,11,albon,84370
4,12,bottas,84543
4,13,kevin_magnussen,84395
4,14,tsunoda,84905
4,15,norris,84467
4,16,alonso,89120
4,17,sargeant,89415
4,18,stroll,90303
4,19,ocon,90735
5,1,max_verstappen,104819
5,2,leclerc,104739
5,3,sainz,104772
5,4,ricciardo,104973
5,5,hamilton,105164
5,6,piastri,105259
5,7,russell,105102
5,8,hulkenberg,105744
5,9,gasly,105637
5,10,zhou,105974
5,11,albon,105821
5,12,bottas,106058
5,13,kevin_magnussen,106238
5,14,tsunoda,105875
5,15,norris,106139
5,16,alonso,101773
5,17,sargeant,101215
5,18,stroll,99882
5,19,ocon,99890
6,1,max_verstappen,83339
6,2,leclerc,83383
6,3,sainz,83478
6,4,ricciardo,83426
6,5,hamilton,83300
6,6,piastri,83407
6,7,russell,83453
6,8,hulkenberg,83756
6,9,gasly,83989
6,10,zhou,84088
6,11,albon,84193
6,12,bottas,83903
6,13,kevin_magnussen,84040
6,14,tsunoda,84030
6,15,norris,84197
6,16,alonso,84716
6,17,sargeant,84692
6,18,stroll,84583
6,19,ocon,84322
7,1,max_verstappen,83453
7,2,leclerc,83489
7,3,sainz,83669
7,4,ricciardo,83817
7,5,hamilton,83707
7,6,piastri,84111
7,7,russell,84207
7,8,hulkenberg,84549
7,9,gasly,84292
7,10,zhou,84269
7,11,albon,84402
7,12,bottas,84343
7,13,kevin_magnussen,84469
7,14,tsunoda,84269
7,15,norris,84270
7,16,sargeant,84280
7,17,alonso,85748
7,18,stroll,84862
7,19,ocon,84643
8,1,max_verstappen,83357
8,2,leclerc,83324
8,3,sainz,83709
8,4,ricciardo,84030
8,5,hamilton,84296
8,6,piastri,83998
8,7,russell,84201
8,8,hulkenberg,84923
8,9,gasly,84829
8,10,zhou,84652
8,11,albon,84662
8,12,bottas,84673
8,13,kevin_magnussen,84904
8,14,tsunoda,85565
8,15,norris,85543
8,16,sargeant,85087
8,17,alonso,85068
8,18,stroll,85079
8,19,ocon,85088
9,1,max_verstappen,83218
9,2,leclerc,83673
9,3,sainz,83807
9,4,ricciardo,83938
9,5,hamilton,83964
9,6,piastri,84422
9,7,russell,84100
9,8,hulkenberg,84856
9,9,gasly,84958
9,10,zhou,84890
9,11,albon,84906
9,12,bottas,84825
9,13,kevin_magnussen,84523
9,14,norris,85601
9,15,sargeant,84834
9,16,alonso,84985
9,17,tsunoda,88908
9,18,stroll,85134
9,19,ocon,85135
10,1,max_verstappen,83276
10,2,leclerc,83722
10,3,sainz,83947
10,4,ricciardo,84133
10,5,hamilton,83785
10,6,piastri,84181
10,7,russell,83842
10,8,hulkenberg,84772
10,9,gasly,84880
10,10,zhou,85091
10,11,albon,85000
10,12,bottas,85099
10,13,kevin_magnussen,84965
10,14,norris,83800
10,15,sargeant,84508
10,16,alonso,84759
10,17,stroll,84877
10,18,ocon,84888
10,19,tsunoda,109360
11,1,max_verstappen,83626
11,2,leclerc,83868
11,3,sainz,83864
11,4,hamilton,83951
11,5,ricciardo,85563
11,6,piastri,84534
11,7,russell,84641
11,8,hulkenberg,85025
11,9,gasly,84900
11,10,zhou,84814
11,11,albon,84924
11,12,bottas,84831
11,13,kevin_magnussen,84984
11,14,sargeant,84710
11,15,norris,87653
11,16,stroll,84375
11,17,alonso,86309
11,18,ocon,85260
11,19,tsunoda,82501
12,1,max_verstappen,83644
12,2,leclerc,83709
12,3,sainz,84148
12,4,hamilton,83632
12,5,ricciardo,84129
12,6,piastri,84123
12,7,russell,84223
12,8,hulkenberg,85040
12,9,gasly,85189
12,10,zhou,85070
12,11,albon,84901
12,12,bottas,84996
12,13,kevin_magnussen,85139
12,14,sargeant,84636
12,15,stroll,84635
12,16,alonso,84912
12,17,ocon,85116
12,18,norris,103864
12,19,tsunoda,83000
13,1,max_verstappen,83792
13,2,leclerc,84090
13,3,sainz,84277
13,4,hamilton,84072
13,5,ricciardo,84347
13,6,piastri,84266
13,7,russell,84512
13,8,hulkenberg,85004
13,9,gasly,85153
13,10,zhou,85447
13,11,albon,85442
13,12,bottas,85444
13,13,kevin_magnussen,85255
13,14,sargeant,85043
13,15,stroll,84984
13,16,alonso,85464
13,17,ocon,85395
13,18,norris,83481
13,19,tsunoda,83224
14,1,max_verstappen,83695
14,2,leclerc,84320
14,3,sainz,84071
14,4,hamilton,83839
14,5,ricciardo,84028
14,6,piastri,84140
14,7,russell,84648
14,8,hulkenberg,85263
14,9,gasly,85003
14,10,zhou,85602
14,11,albon,85448
14,12,bottas,85362
14,13,kevin_magnussen,85200
14,14,sargeant,85037
14,15,stroll,85029
14,16,alonso,85179
14,17,ocon,85287
14,18,norris,83201
14,19,tsunoda,83127
15,1,max_verstappen,83714
15,2,leclerc,83840
15,3,sainz,84194
15,4,hamilton,83831
15,5,ricciardo,84116
15,6,piastri,84391
15,7,russell,84390
15,8,hulkenberg,85128
15,9,gasly,85110
15,10,albon,85172
15,11,zhou,86641
15,12,bottas,85948
15,13,kevin_magnussen,85770
15,14,sargeant,85154
15,15,stroll,85285
15,16,alonso,85329
15,17,ocon,85315
15,18,norris,83294
15,19,tsunoda,83499
16,1,max_verstappen,83585
16,2,leclerc,83552
16,3,sainz,84051
16,4,hamilton,83940
16,5,ricciardo,84248
16,6,piastri,84382
16,7,russell,85192
16,8,hulkenberg,85279
16,9,gasly,85121
16,10,albon,85531
16,11,zhou,85607
16,12,bottas,85658
16,13,kevin_magnussen,85748
16,14,sargeant,85274
16,15,stroll,85325
16,16,alonso,85509
16,17,ocon,85822
16,18,norris,83531
16,19,tsunoda,83537
17,1,max_verstappen,83644
17,2,leclerc,83649
17,3,sainz,84087
17,4,hamilton,84365
17,5,ricciardo,84311
17,6,piastri,84419
17,7,russell,84502
17,8,hulkenberg,84987
17,9,gasly,85331
17,10,albon,85222
17,11,zhou,85314
17,12,bottas,85290
17,13,kevin_magnussen,85530
17,14,sargeant,85282
17,15,stroll,85504
17,16,alonso,85485
17,17,ocon,85323
17,18,norris,83611
17,19,tsunoda,83861
18,1,max_verstappen,83927
18,2,leclerc,84169
18,3,sainz,84414
18,4,hamilton,84107
18,5,ricciardo,84559
18,6,piastri,84694
18,7,russell,84307
18,8,hulkenberg,85318
18,9,gasly,85419
18,10,albon,85542
18,11,zhou,85556
18,12,bottas,85459
18,13,kevin_magnussen,85736
18,14,sargeant,85424
18,15,stroll,85749
18,16,alonso,85716
18,17,ocon,85973
18,18,norris,83719
18,19,tsunoda,83923
19,1,max_verstappen,86825
19,2,leclerc,83894
19,3,sainz,84647
19,4,hamilton,84340
19,5,ricciardo,84590
19,6,piastri,84599
19,7,russell,84285
19,8,hulkenberg,85167
19,9,gasly,85126
19,10,albon,85457
19,11,zhou,85186
19,12,bottas,85452
19,13,kevin_magnussen,85668
19,14,sargeant,85604
19,15,stroll,85262
19,16,alonso,85088
19,17,ocon,84929
19,18,norris,83715
19,19,tsunoda,83780
20,1,leclerc,83496
20,2,sainz,84102
20,3,hamilton,84181
20,4,ricciardo,84321
20,5,piastri,84368
20,6,russell,84071
20,7,max_verstappen,101221
20,8,hulkenberg,84813
20,9,gasly,84779
20,10,albon,85397
20,11,zhou,85438
20,12,bottas,85092
20,13,kevin_magnussen,85549
20,14,sargeant,85893
20,15,stroll,85219
20,16,alonso,85111
20,17,ocon,85015
20,18,norris,83832
20,19,tsunoda,83758
21,1,leclerc,83452
21,2,sainz,84108
21,3,hamilton,84172
21,4,ricciardo,84236
21,5,piastri,84228
21,6,russell,84190
21,7,max_verstappen,82643
21,8,hulkenberg,84704
21,9,gasly,84732
21,10,albon,85097
21,11,bottas,85377
21,12,kevin_magnussen,85373
21,13,zhou,88634
21,14,sargeant,85219
21,15,stroll,85319
21,16,alonso,86642
21,17,ocon,86460
21,18,norris,85057
21,19,tsunoda,83986
22,1,leclerc,83666
22,2,sainz,84022
22,3,hamilton,84580
22,4,ricciardo,84500
22,5,piastri,84261
22,6,max_verstappen,82622
22,7,russell,85257
22,8,hulkenberg,85064
22,9,gasly,85087
22,10,albon,85154
22,11,bottas,84462
22,12,kevin_magnussen,85480
22,13,stroll,85268
22,14,sargeant,88753
22,15,alonso,85941
22,16,norris,85162
22,17,ocon,86725
22,18,tsunoda,85266
22,19,zhou,101962
23,1,leclerc,83878
23,2,sainz,84162
23,3,hamilton,84231
23,4,ricciardo,84319
23,5,max_verstappen,82781
23,6,piastri,85126
23,7,russell,84273
23,8,gasly,85360
23,9,hulkenberg,88600
23,10,albon,84890
23,11,bottas,84725
23,12,stroll,85054
23,13,kevin_magnussen,88228
23,14,norris,83483
23,15,alonso,85938
23,16,tsunoda,84639
23,17,ocon,86072
23,18,zhou,83583
23,19,sargeant,103412
24,1,leclerc,83786
24,2,sainz,84274
24,3,hamilton,86973
24,4,ricciardo,84593
24,5,max_verstappen,83762
24,6,piastri,84676
24,7,russell,84477
24,8,gasly,84435
24,9,albon,85019
24,10,bottas,85171
24,11,stroll,85192
24,12,norris,83978
24,13,tsunoda,84042
24,14,alonso,86197
24,15,ocon,85338
24,16,hulkenberg,103626
24,17,zhou,83839
24,18,sargeant,83003
24,19,kevin_magnussen,103471
25,1,leclerc,83941
25,2,sainz,84210
25,3,max_verstappen,82354
25,4,ricciardo,85259
25,5,russell,84329
25,6,piastri,87574
25,7,hamilton,100629
25,8,gasly,85078
25,9,albon,84813
25,10,bottas,84517
25,11,stroll,84732
25,12,norris,83729
25,13,tsunoda,83870
25,14,alonso,85212
25,15,ocon,85468
25,16,hulkenberg,83833
25,17,zhou,84336
25,18,sargeant,83579
25,19,kevin_magnussen,83146
26,1,leclerc,83709
26,2,sainz,84009
26,3,max_verstappen,82972
26,4,ricciardo,84215
26,5,russell,87165
26,6,hamilton,82870
26,7,gasly,84914
26,8,albon,84790
26,9,bottas,85255
26,10,piastri,103446
26,11,norris,83202
26,12,stroll,85801
26,13,tsunoda,84019
26,14,alonso,85181
26,15,ocon,85088
26,16,hulkenberg,84280
26,17,zhou,84623
26,18,sargeant,83747
26,19,kevin_magnussen,83881
27,1,leclerc,84264
27,2,sainz,84352
27,3,max_verstappen,83023
27,4,ricciardo,87032
27,5,hamilton,83717
27,6,gasly,84978
27,7,albon,85131
27,8,piastri,83690
27,9,bottas,85580
27,10,russell,103233
27,11,norris,83997
27,12,stroll,84791
27,13,tsunoda,83963
27,14,alonso,85247
27,15,ocon,85291
27,16,hulkenberg,84668
27,17,zhou,84600
27,18,sargeant,83377
27,19,kevin_magnussen,83216
28,1,leclerc,83690
28,2,sainz,84158
28,3,max_verstappen,83162
28,4,hamilton,83472
28,5,ricciardo,102520
28,6,gasly,87810
28,7,piastri,83519
28,8,albon,85709
28,9,russell,84021
28,10,bottas,86010
28,11,norris,84306
28,12,stroll,84834
28,13,tsunoda,84707
28,14,alonso,85046
28,15,ocon,85134
28,16,hulkenberg,84626
28,17,zhou,84564
28,18,kevin_magnussen,84585
28,19,sargeant,86290
29,1,leclerc,83860
29,2,max_verstappen,82224
29,3,sainz,84990
29,4,hamilton,83381
29,5,ricciardo,83599
29,6,piastri,83471
29,7,russell,83180
29,8,albon,85968
29,9,norris,84383
29,10,bottas,86401
29,11,stroll,85893
29,12,tsunoda,85887
29,13,ocon,85273
29,14,hulkenberg,84800
29,15,alonso,88472
29,16,zhou,84596
29,17,gasly,103332
29,18,kevin_magnussen,84579
29,19,sargeant,84196
30,1,leclerc,84131
30,2,max_verstappen,82904
30,3,sainz,87640
30,4,hamilton,83219
30,5,ricciardo,83571
30,6,piastri,83265
30,7,russell,83435
30,8,albon,85279
30,9,norris,84643
30,10,bottas,85608
30,11,tsunoda,84205
30,12,stroll,90059
30,13,hulkenberg,83576
30,14,ocon,85669
30,15,gasly,84005
30,16,zhou,86166
30,17,kevin_magnussen,85593
30,18,sargeant,86036
30,19,alonso,102893
31,1,leclerc,87924
31,2,max_verstappen,83436
31,3,hamilton,83607
31,4,sainz,102133
31,5,ricciardo,83738
31,6,piastri,83669
31,7,russell,83508
31,8,norris,83351
31,9,albon,85936
31,10,tsunoda,84653
31,11,bottas,88264
31,12,hulkenberg,83912
31,13,gasly,83600
31,14,ocon,86761
31,15,zhou,84896
31,16,kevin_magnussen,85226
31,17,sargeant,84753
31,18,stroll,102668
31,19,alonso,83685
32,1,max_verstappen,83204
32,2,leclerc,101329
32,3,hamilton,83190
32,4,sainz,82785
32,5,ricciardo,83682
32,6,piastri,83531
32,7,russell,83097
32,8,norris,83275
32,9,albon,85094
32,10,tsunoda,84399
32,11,hulkenberg,84408
32,12,gasly,83779
32,13,zhou,84377
32,14,ocon,87763
32,15,sargeant,89996
32,16,bottas,109016
32,17,stroll,88238
32,18,alonso,90304
33,1,max_verstappen,95664
33,2,leclerc,97428
33,3,hamilton,99150
33,4,sainz,100334
33,5,ricciardo,107012
33,6,piastri,106934
33,7,russell,107634
33,8,norris,106374
33,9,albon,106537
33,10,tsunoda,106838
33,11,hulkenberg,108657
33,12,gasly,108916
33,13,zhou,110859
33,14,ocon,111953
33,15,sargeant,110241
33,16,bottas,109507
33,17,stroll,110376
33,18,alonso,109953
34,1,max_verstappen,175039
34,2,leclerc,158321
34,3,hamilton,156144
34,4,sainz,150381
34,5,ricciardo,140911
34,6,piastri,141809
34,7,russell,145843
34,8,tsunoda,137507
34,9,hulkenberg,132751
34,10,norris,149036
34,11,gasly,135793
34,12,albon,151150
34,13,zhou,137543
34,14,ocon,136517
34,15,sargeant,134182
34,16,bottas,132556
34,17,stroll,133808
34,18,alonso,132573
35,1,max_verstappen,1329714
35,2,leclerc,1332232
35,3,hamilton,1335599
35,4,sainz,1336236
35,5,ricciardo,1335968
35,6,piastri,1337832
35,7,russell,1337578
35,8,tsunoda,1335805
35,9,hulkenberg,1337910
35,10,norris,1339753
35,11,gasly,1339691
35,12,albon,1339024
35,13,zhou,1338089
35,14,ocon,1340297
35,15,sargeant,1339160
35,16,bottas,1339440
35,17,stroll,1339749
35,18,alonso,1339540
36,1,max_verstappen,161085
36,2,leclerc,158356
36,3,hamilton,153093
36,4,sainz,152114
36,5,russell,141168
36,6,ricciardo,152259
36,7,piastri,148490
36,8,tsunoda,141611
36,9,albon,129393
36,10,hulkenberg,138655
36,11,ocon,121608
36,12,gasly,133022
36,13,bottas,118173
36,14,norris,137757
36,15,zhou,129188
36,16,stroll,115557
36,17,alonso,113229
36,18,sargeant,123868
37,1,max_verstappen,82471
37,2,leclerc,83118
37,3,hamilton,83152
37,4,sainz,83566
37,5,russell,83464
37,6,ricciardo,83489
37,7,piastri,83800
37,8,tsunoda,84175
37,9,albon,84067
37,10,hulkenberg,84022
37,11,ocon,84421
37,12,gasly,84247
37,13,bottas,84136
37,14,norris,84243
37,15,stroll,84657
37,16,zhou,86210
37,17,alonso,85575
37,18,sargeant,85762
38,1,max_verstappen,82185
38,2,leclerc,82332
38,3,hamilton,82432
38,4,sainz,82729
38,5,russell,82780
38,6,ricciardo,82952
38,7,piastri,83151
38,8,tsunoda,82863
38,9,albon,82998
38,10,hulkenberg,83300
38,11,ocon,83380
38,12,gasly,83586
38,13,bottas,83675
38,14,norris,83841
38,15,stroll,83726
38,16,zhou,84081
38,17,alonso,84272
38,18,sargeant,84235
39,1,max_verstappen,82059
39,2,leclerc,82559
39,3,hamilton,82394
39,4,sainz,82938
39,5,russell,83137
39,6,ricciardo,82933
39,7,piastri,83653
39,8,tsunoda,83911
39,9,albon,84014
39,10,hulkenberg,83830
39,11,ocon,83538
39,12,gasly,83307
39,13,bottas,83322
39,14,norris,83521
39,15,stroll,83270
39,16,zhou,83567
39,17,alonso,83846
39,18,sargeant,84108
40,1,max_verstappen,81644
40,2,hamilton,81852
40,3,leclerc,83501
40,4,sainz,82987
40,5,russell,82802
40,6,ricciardo,82877
40,7,piastri,82924
40,8,tsunoda,82828
40,9,albon,83008
40,10,hulkenberg,83307
40,11,ocon,83571
40,12,gasly,83524
40,13,bottas,83788
40,14,norris,83409
40,15,stroll,83559
40,16,zhou,83672
40,17,alonso,83531
40,18,sargeant,83216
41,1,max_verstappen,81787
41,2,hamilton,82231
41,3,leclerc,82865
41,4,sainz,82952
41,5,russell,83006
41,6,ricciardo,82945
41,7,piastri,82947
41,8,tsunoda,83131
41,9,albon,83323
41,10,hulkenberg,83263
41,11,ocon,83297
41,12,gasly,83407
41,13,norris,83043
41,14,bottas,84367
41,15,stroll,83516
41,16,zhou,83859
41,17,sargeant,83485
41,18,alonso,85289
42,1,max_verstappen,81986
42,2,hamilton,82467
42,3,leclerc,82844
42,4,sainz,83007
42,5,russell,83210
42,6,ricciardo,83174
42,7,piastri,83259
42,8,tsunoda,83070
42,9,albon,83347
42,10,hulkenberg,83316
42,11,ocon,83334
42,12,gasly,83426
42,13,norris,83328
42,14,bottas,83203
42,15,stroll,83688
42,16,zhou,83988
42,17,sargeant,83673
42,18,alonso,84070
43,1,max_verstappen,82041
43,2,hamilton,82354
43,3,leclerc,82888
43,4,sainz,82829
43,5,russell,82854
43,6,ricciardo,82903
43,7,piastri,82880
43,8,tsunoda,82864
43,9,albon,83317
43,10,hulkenberg,83222
43,11,ocon,83084
43,12,gasly,83230
43,13,norris,82974
43,14,bottas,83166
43,15,stroll,83257
43,16,sargeant,83871
43,17,zhou,85204
43,18,alonso,83913
44,1,max_verstappen,82068
44,2,hamilton,82414
44,3,leclerc,83163
44,4,sainz,83024
44,5,russell,82908
44,6,ricciardo,83065
44,7,piastri,83198
44,8,tsunoda,83340
44,9,albon,83409
44,10,hulkenberg,83728
44,11,ocon,83618
44,12,gasly,83385
44,13,norris,83021
44,14,bottas,83430
44,15,stroll,83415
44,16,sargeant,83764
44,17,zhou,84303
44,18,alonso,83994
45,1,max_verstappen,82129
45,2,hamilton,82438
45,3,leclerc,83082
45,4,sainz,83259
45,5,russell,83212
45,6,ricciardo,83608
45,7,piastri,83117
45,8,tsunoda,83223
45,9,albon,83578
45,10,hulkenberg,83947
45,11,ocon,83770
45,12,norris,83100
45,13,gasly,84325
45,14,bottas,83956
45,15,stroll,83732
45,16,sargeant,84013
45,17,zhou,84336
45,18,alonso,84283
46,1,max_verstappen,82105
46,2,hamilton,82728
46,3,leclerc,83073
46,4,sainz,82996
46,5,russell,82932
46,6,ricciardo,83280
46,7,piastri,83447
46,8,tsunoda,83282
46,9,albon,83898
46,10,hulkenberg,84248
46,11,norris,83845
46,12,ocon,85128
46,13,gasly,84427
46,14,bottas,83987
46,15,stroll,83901
46,16,sargeant,83742
46,17,alonso,83932
46,18,zhou,86227
47,1,max_verstappen,82060
47,2,hamilton,82413
47,3,leclerc,83101
47,4,sainz,83957
47,5,russell,83972
47,6,ricciardo,83783
47,7,piastri,83442
47,8,tsunoda,83274
47,9,albon,84142
47,10,norris,83041
47,11,hulkenberg,85120
47,12,ocon,84305
47,13,gasly,84267
47,14,bottas,84057
47,15,stroll,83963
47,16,sargeant,83450
47,17,zhou,84657
47,18,alonso,92827
48,1,max_verstappen,82179
48,2,hamilton,83429
48,3,leclerc,83115
48,4,sainz,83310
48,5,russell,83358
48,6,ricciardo,83473
48,7,piastri,85475
48,8,tsunoda,85523
48,9,albon,84063
48,10,norris,83518
48,11,hulkenberg,83984
48,12,ocon,83921
48,13,gasly,84167
48,14,bottas,84077
48,15,stroll,84163
48,16,sargeant,83807
48,17,zhou,84348
49,1,max_verstappen,82172
49,2,hamilton,82615
49,3,leclerc,83003
49,4,sainz,83256
49,5,russell,83369
49,6,ricciardo,83467
49,7,piastri,84269
49,8,norris,83356
49,9,albon,85654
49,10,hulkenberg,84467
49,11,ocon,84658
49,12,gasly,84614
49,13,bottas,84581
49,14,stroll,84352
49,15,sargeant,84536
49,16,tsunoda,100130
49,17,zhou,84907
50,1,max_verstappen,82294
50,2,hamilton,82772
50,3,leclerc,83167
50,4,sainz,83101
50,5,russell,83612
50,6,ricciardo,83509
50,7,piastri,83213
50,8,norris,83109
50,9,albon,83805
50,10,hulkenberg,83964
50,11,ocon,83817
50,12,gasly,83937
50,13,bottas,83992
50,14,stroll,83973
50,15,sargeant,83495
50,16,tsunoda,83733
50,17,zhou,84119
51,1,max_verstappen,82323
51,2,hamilton,83538
51,3,leclerc,82858
51,4,sainz,82910
51,5,russell,83273
51,6,ricciardo,83135
51,7,piastri,83004
51,8,norris,82672
51,9,albon,83860
51,10,hulkenberg,83969
51,11,ocon,84136
51,12,gasly,84041
51,13,bottas,83880
51,14,stroll,83854
51,15,sargeant,83799
51,16,tsunoda,83461
51,17,zhou,84354
52,1,max_verstappen,82336
52,2,hamilton,82722
52,3,leclerc,82769
52,4,sainz,82835
52,5,russell,83035
52,6,ricciardo,83282
52,7,piastri,83118
52,8,norris,82675
52,9,albon,83768
52,10,hulkenberg,84120
52,11,ocon,83990
52,12,gasly,84527
52,13,bottas,84861
52,14,stroll,84600
52,15,sargeant,83858
52,16,tsunoda,83504
52,17,zhou,84489
53,1,max_verstappen,82286
53,2,hamilton,82563
53,3,leclerc,82942
53,4,sainz,82880
53,5,russell,82983
53,6,ricciardo,83126
53,7,piastri,82760
53,8,norris,82601
53,9,albon,83759
53,10,hulkenberg,84276
53,11,ocon,84146
53,12,gasly,84274
53,13,bottas,84297
53,14,stroll,84548
53,15,sargeant,83817
53,16,tsunoda,84328
53,17,zhou,84354
54,1,max_verstappen,82418
54,2,hamilton,82919
54,3,leclerc,82844
54,4,sainz,82932
54,5,russell,83060
54,6,ricciardo,83059
54,7,piastri,82877
54,8,norris,82497
54,9,albon,83608
54,10,hulkenberg,84324
54,11,ocon,84734
54,12,gasly,84246
54,13,bottas,84402
54,14,stroll,84217
54,15,sargeant,83916
54,16,tsunoda,83581
54,17,zhou,84008
55,1,max_verstappen,82421
55,2,hamilton,82831
55,3,leclerc,82873
55,4,sainz,82845
55,5,russell,83360
55,6,ricciardo,83307
55,7,piastri,83016
55,8,norris,82642
55,9,albon,84033
55,10,hulkenberg,84151
55,11,ocon,83909
55,12,gasly,83842
55,13,bottas,84004
55,14,stroll,84058
55,15,sargeant,83817
55,16,tsunoda,83245
55,17,zhou,83845
56,1,max_verstappen,82415
56,2,hamilton,82777
56,3,leclerc,82636
56,4,sainz,82611
56,5,russell,82995
56,6,ricciardo,83357
56,7,norris,82027
56,8,piastri,84999
56,9,albon,83568
56,10,hulkenberg,83687
56,11,ocon,83824
56,12,gasly,83727
56,13,bottas,84356
56,14,stroll,84729
56,15,sargeant,84322
56,16,tsunoda,83931
56,17,zhou,83754
57,1,max_verstappen,82230
57,2,hamilton,82629
57,3,leclerc,82538
57,4,sainz,82539
57,5,russell,82973
57,6,ricciardo,83007
57,7,norris,82635
57,8,piastri,83473
57,9,albon,83236
57,10,hulkenberg,83757
57,11,ocon,83602
57,12,gasly,83695
57,13,bottas,83726
57,14,stroll,84506
57,15,sargeant,84890
57,16,tsunoda,83666
57,17,zhou,84404
58,1,max_verstappen,82370
58,2,hamilton,82334
58,3,leclerc,82634
58,4,sainz,82774
58,5,russell,83348
58,6,ricciardo,83144
58,7,norris,82492
58,8,piastri,83362
58,9,albon,83238
58,10,hulkenberg,84227
58,11,ocon,84249
58,12,gasly,84380
58,13,bottas,83831
58,14,stroll,83648
58,15,sargeant,83534
58,16,tsunoda,84270
58,17,zhou,84080
59,1,max_verstappen,82208
59,2,hamilton,82437
59,3,leclerc,82504
59,4,sainz,82548
59,5,russell,82936
59,6,ricciardo,83103
59,7,norris,82460
59,8,piastri,83231
59,9,albon,83297
59,10,hulkenberg,83977
59,11,ocon,84035
59,12,gasly,83672
59,13,bottas,83681
59,14,stroll,83772
59,15,sargeant,83805
59,16,tsunoda,83299
59,17,zhou,83846
60,1,max_verstappen,81991
60,2,hamilton,82083
60,3,leclerc,82632
60,4,sainz,82754
60,5,russell,82929
60,6,norris,83208
60,7,ricciardo,85294
60,8,piastri,83181
60,9,albon,83146
60,10,hulkenberg,83634
60,11,ocon,83739
60,12,gasly,83916
60,13,bottas,83788
60,14,stroll,83507
60,15,sargeant,83764
60,16,tsunoda,83137
60,17,zhou,83698
61,1,max_verstappen,82100
61,2,hamilton,82691
61,3,leclerc,82768
61,4,sainz,82663
61,5,russell,82983
61,6,norris,82498
61,7,ricciardo,83655
61,8,piastri,82815
61,9,albon,83128
61,10,hulkenberg,83843
61,11,ocon,83614
61,12,gasly,83824
61,13,bottas,83671
61,14,stroll,83686
61,15,sargeant,83822
61,16,tsunoda,83457
61,17,zhou,83846
62,1,max_verstappen,82196
62,2,hamilton,82252
62,3,leclerc,82783
62,4,sainz,82865
62,5,russell,83029
62,6,norris,82421
62,7,ricciardo,83070
62,8,piastri,82947
62,9,albon,83189
62,10,hulkenberg,84447
62,11,ocon,84486
62,12,gasly,84276
62,13,bottas,84204
62,14,stroll,83903
62,15,sargeant,83585
62,16,tsunoda,83565
62,17,zhou,83859
63,1,max_verstappen,82245
63,2,hamilton,82412
63,3,leclerc,82805
63,4,sainz,82905
63,5,russell,82930
63,6,norris,82403
63,7,ricciardo,82862
63,8,piastri,83157
63,9,albon,83120
63,10,hulkenberg,84444
63,11,ocon,84487
63,12,gasly,84229
63,13,bottas,84088
63,14,stroll,84059
63,15,sargeant,84008
63,16,tsunoda,84105
63,17,zhou,84259
64,1,max_verstappen,82200
64,2,hamilton,82497
64,3,leclerc,82708
64,4,sainz,82851
64,5,russell,83004
64,6,norris,82496
64,7,ricciardo,82811
64,8,piastri,82977
64,9,albon,82913
64,10,hulkenberg,83989
64,11,ocon,84002
64,12,gasly,84282
64,13,bottas,84079
64,14,stroll,83933
64,15,sargeant,84054
64,16,tsunoda,83614
64,17,zhou,84237
65,1,max_verstappen,82377
65,2,hamilton,81991
65,3,leclerc,82921
65,4,sainz,82841
65,5,russell,83181
65,6,norris,82775
65,7,ricciardo,82839
65,8,piastri,83208
65,9,albon,82773
65,10,hulkenberg,84370
65,11,ocon,84002
65,12,gasly,84029
65,13,bottas,84214
65,14,stroll,84035
65,15,sargeant,83751
65,16,tsunoda,83983
65,17,zhou,84047
66,1,max_verstappen,82110
66,2,hamilton,82078
66,3,leclerc,82619
66,4,sainz,82719
66,5,russell,83239
66,6,norris,83188
66,7,ricciardo,82679
66,8,piastri,83133
66,9,albon,82826
66,10,ocon,82976
66,11,gasly,84726
66,12,hulkenberg,86767
66,13,bottas,87353
66,14,sargeant,86118
66,15,tsunoda,85549
66,16,zhou,84464
66,17,stroll,106965
67,1,max_verstappen,82774
67,2,hamilton,83926
67,3,leclerc,82796
67,4,sainz,82707
67,5,norris,83916
67,6,russell,85868
67,7,ricciardo,83133
67,8,piastri,83238
67,9,albon,82979
67,10,ocon,83377
67,11,gasly,83512
67,12,hulkenberg,85346
67,13,sargeant,83347
67,14,tsunoda,84341
67,15,bottas,86217
67,16,zhou,84876
68,1,max_verstappen,82430
68,2,hamilton,82790
68,3,leclerc,82772
68,4,sainz,82976
68,5,norris,82787
68,6,russell,83749
68,7,ricciardo,83235
68,8,piastri,83362
68,9,albon,82806
68,10,ocon,83211
68,11,gasly,83324
68,12,hulkenberg,84889
68,13,sargeant,84509
68,14,tsunoda,84046
68,15,bottas,84695
68,16,zhou,84121
69,1,max_verstappen,82470
69,2,hamilton,82566
69,3,leclerc,82971
69,4,sainz,82767
69,5,norris,82502
69,6,russell,83397
69,7,ricciardo,83174
69,8,piastri,83168
69,9,albon,82785
69,10,ocon,83135
69,11,gasly,83359
69,12,hulkenberg,85013
69,13,sargeant,84978
69,14,tsunoda,84665
69,15,bottas,84295
69,16,zhou,83742
70,1,max_verstappen,82367
70,2,hamilton,83339
70,3,leclerc,82983
70,4,sainz,82943
70,5,norris,82152
70,6,russell,83391
70,7,ricciardo,83290
70,8,piastri,82980
70,9,albon,83024
70,10,ocon,83197
70,11,gasly,83306
70,12,sargeant,85038
70,13,hulkenberg,87168
70,14,tsunoda,86562
70,15,bottas,85619
70,16,zhou,83829
71,1,max_verstappen,82850
71,2,hamilton,81334
71,3,leclerc,82905
71,4,sainz,82720
71,5,norris,81944
71,6,russell,85487
71,7,ricciardo,85314
71,8,piastri,83421
71,9,albon,82845
71,10,ocon,83158
71,11,gasly,83300
71,12,tsunoda,86054
71,13,hulkenberg,87623
71,14,bottas,87033
71,15,zhou,84391
